--
-- PostgreSQL database dump
--

-- Dumped from database version 16.3 (Debian 16.3-1.pgdg120+1)
-- Dumped by pg_dump version 16.3 (Debian 16.3-1.pgdg120+1)

SET statement_timeout = 0;
SET lock_timeout = 0;
SET idle_in_transaction_session_timeout = 0;
SET client_encoding = 'UTF8';
SET standard_conforming_strings = on;
SELECT pg_catalog.set_config('search_path', '', false);
SET check_function_bodies = false;
SET xmloption = content;
SET client_min_messages = warning;
SET row_security = off;

SET default_tablespace = '';

SET default_table_access_method = heap;

--
-- Name: article; Type: TABLE; Schema: public; Owner: postgres
--

CREATE TABLE public.article (
    article_id integer NOT NULL,
    author character varying(255) NOT NULL,
    publication_date timestamp with time zone NOT NULL,
    content text NOT NULL,
    library_catalogue_id integer NOT NULL,
    url text
);


ALTER TABLE public.article OWNER TO postgres;

--
-- Name: article_article_id_seq; Type: SEQUENCE; Schema: public; Owner: postgres
--

ALTER TABLE public.article ALTER COLUMN article_id ADD GENERATED BY DEFAULT AS IDENTITY (
    SEQUENCE NAME public.article_article_id_seq
    START WITH 1
    INCREMENT BY 1
    NO MINVALUE
    NO MAXVALUE
    CACHE 1
);


--
-- Name: auth_group; Type: TABLE; Schema: public; Owner: postgres
--

CREATE TABLE public.auth_group (
    id integer NOT NULL,
    name character varying(150) NOT NULL
);


ALTER TABLE public.auth_group OWNER TO postgres;

--
-- Name: auth_group_id_seq; Type: SEQUENCE; Schema: public; Owner: postgres
--

ALTER TABLE public.auth_group ALTER COLUMN id ADD GENERATED BY DEFAULT AS IDENTITY (
    SEQUENCE NAME public.auth_group_id_seq
    START WITH 1
    INCREMENT BY 1
    NO MINVALUE
    NO MAXVALUE
    CACHE 1
);


--
-- Name: auth_group_permissions; Type: TABLE; Schema: public; Owner: postgres
--

CREATE TABLE public.auth_group_permissions (
    id bigint NOT NULL,
    group_id integer NOT NULL,
    permission_id integer NOT NULL
);


ALTER TABLE public.auth_group_permissions OWNER TO postgres;

--
-- Name: auth_group_permissions_id_seq; Type: SEQUENCE; Schema: public; Owner: postgres
--

ALTER TABLE public.auth_group_permissions ALTER COLUMN id ADD GENERATED BY DEFAULT AS IDENTITY (
    SEQUENCE NAME public.auth_group_permissions_id_seq
    START WITH 1
    INCREMENT BY 1
    NO MINVALUE
    NO MAXVALUE
    CACHE 1
);


--
-- Name: auth_permission; Type: TABLE; Schema: public; Owner: postgres
--

CREATE TABLE public.auth_permission (
    id integer NOT NULL,
    name character varying(255) NOT NULL,
    content_type_id integer NOT NULL,
    codename character varying(100) NOT NULL
);


ALTER TABLE public.auth_permission OWNER TO postgres;

--
-- Name: auth_permission_id_seq; Type: SEQUENCE; Schema: public; Owner: postgres
--

ALTER TABLE public.auth_permission ALTER COLUMN id ADD GENERATED BY DEFAULT AS IDENTITY (
    SEQUENCE NAME public.auth_permission_id_seq
    START WITH 1
    INCREMENT BY 1
    NO MINVALUE
    NO MAXVALUE
    CACHE 1
);


--
-- Name: auth_user; Type: TABLE; Schema: public; Owner: postgres
--

CREATE TABLE public.auth_user (
    id integer NOT NULL,
    password character varying(128) NOT NULL,
    last_login timestamp with time zone,
    is_superuser boolean NOT NULL,
    username character varying(150) NOT NULL,
    first_name character varying(150) NOT NULL,
    last_name character varying(150) NOT NULL,
    email character varying(254) NOT NULL,
    is_staff boolean NOT NULL,
    is_active boolean NOT NULL,
    date_joined timestamp with time zone NOT NULL
);


ALTER TABLE public.auth_user OWNER TO postgres;

--
-- Name: auth_user_groups; Type: TABLE; Schema: public; Owner: postgres
--

CREATE TABLE public.auth_user_groups (
    id bigint NOT NULL,
    user_id integer NOT NULL,
    group_id integer NOT NULL
);


ALTER TABLE public.auth_user_groups OWNER TO postgres;

--
-- Name: auth_user_groups_id_seq; Type: SEQUENCE; Schema: public; Owner: postgres
--

ALTER TABLE public.auth_user_groups ALTER COLUMN id ADD GENERATED BY DEFAULT AS IDENTITY (
    SEQUENCE NAME public.auth_user_groups_id_seq
    START WITH 1
    INCREMENT BY 1
    NO MINVALUE
    NO MAXVALUE
    CACHE 1
);


--
-- Name: auth_user_id_seq; Type: SEQUENCE; Schema: public; Owner: postgres
--

ALTER TABLE public.auth_user ALTER COLUMN id ADD GENERATED BY DEFAULT AS IDENTITY (
    SEQUENCE NAME public.auth_user_id_seq
    START WITH 1
    INCREMENT BY 1
    NO MINVALUE
    NO MAXVALUE
    CACHE 1
);


--
-- Name: auth_user_user_permissions; Type: TABLE; Schema: public; Owner: postgres
--

CREATE TABLE public.auth_user_user_permissions (
    id bigint NOT NULL,
    user_id integer NOT NULL,
    permission_id integer NOT NULL
);


ALTER TABLE public.auth_user_user_permissions OWNER TO postgres;

--
-- Name: auth_user_user_permissions_id_seq; Type: SEQUENCE; Schema: public; Owner: postgres
--

ALTER TABLE public.auth_user_user_permissions ALTER COLUMN id ADD GENERATED BY DEFAULT AS IDENTITY (
    SEQUENCE NAME public.auth_user_user_permissions_id_seq
    START WITH 1
    INCREMENT BY 1
    NO MINVALUE
    NO MAXVALUE
    CACHE 1
);


--
-- Name: authtoken_token; Type: TABLE; Schema: public; Owner: postgres
--

CREATE TABLE public.authtoken_token (
    key character varying(40) NOT NULL,
    created timestamp with time zone NOT NULL,
    user_id integer NOT NULL
);


ALTER TABLE public.authtoken_token OWNER TO postgres;

--
-- Name: book; Type: TABLE; Schema: public; Owner: postgres
--

CREATE TABLE public.book (
    isbn character varying(255) NOT NULL,
    book_name character varying(255) NOT NULL,
    author character varying(255) NOT NULL,
    number_of_copies integer NOT NULL,
    publication_date timestamp with time zone NOT NULL,
    library_catalogue_id integer NOT NULL
);


ALTER TABLE public.book OWNER TO postgres;

--
-- Name: borrowing_states; Type: TABLE; Schema: public; Owner: postgres
--

CREATE TABLE public.borrowing_states (
    borrowing_state_id integer NOT NULL,
    borrowing_state character varying(255) NOT NULL
);


ALTER TABLE public.borrowing_states OWNER TO postgres;

--
-- Name: borrowing_states_borrowing_state_id_seq; Type: SEQUENCE; Schema: public; Owner: postgres
--

ALTER TABLE public.borrowing_states ALTER COLUMN borrowing_state_id ADD GENERATED BY DEFAULT AS IDENTITY (
    SEQUENCE NAME public.borrowing_states_borrowing_state_id_seq
    START WITH 1
    INCREMENT BY 1
    NO MINVALUE
    NO MAXVALUE
    CACHE 1
);


--
-- Name: django_admin_log; Type: TABLE; Schema: public; Owner: postgres
--

CREATE TABLE public.django_admin_log (
    id integer NOT NULL,
    action_time timestamp with time zone NOT NULL,
    object_id text,
    object_repr character varying(200) NOT NULL,
    action_flag smallint NOT NULL,
    change_message text NOT NULL,
    content_type_id integer,
    user_id integer NOT NULL,
    CONSTRAINT django_admin_log_action_flag_check CHECK ((action_flag >= 0))
);


ALTER TABLE public.django_admin_log OWNER TO postgres;

--
-- Name: django_admin_log_id_seq; Type: SEQUENCE; Schema: public; Owner: postgres
--

ALTER TABLE public.django_admin_log ALTER COLUMN id ADD GENERATED BY DEFAULT AS IDENTITY (
    SEQUENCE NAME public.django_admin_log_id_seq
    START WITH 1
    INCREMENT BY 1
    NO MINVALUE
    NO MAXVALUE
    CACHE 1
);


--
-- Name: django_content_type; Type: TABLE; Schema: public; Owner: postgres
--

CREATE TABLE public.django_content_type (
    id integer NOT NULL,
    app_label character varying(100) NOT NULL,
    model character varying(100) NOT NULL
);


ALTER TABLE public.django_content_type OWNER TO postgres;

--
-- Name: django_content_type_id_seq; Type: SEQUENCE; Schema: public; Owner: postgres
--

ALTER TABLE public.django_content_type ALTER COLUMN id ADD GENERATED BY DEFAULT AS IDENTITY (
    SEQUENCE NAME public.django_content_type_id_seq
    START WITH 1
    INCREMENT BY 1
    NO MINVALUE
    NO MAXVALUE
    CACHE 1
);


--
-- Name: django_migrations; Type: TABLE; Schema: public; Owner: postgres
--

CREATE TABLE public.django_migrations (
    id bigint NOT NULL,
    app character varying(255) NOT NULL,
    name character varying(255) NOT NULL,
    applied timestamp with time zone NOT NULL
);


ALTER TABLE public.django_migrations OWNER TO postgres;

--
-- Name: django_migrations_id_seq; Type: SEQUENCE; Schema: public; Owner: postgres
--

ALTER TABLE public.django_migrations ALTER COLUMN id ADD GENERATED BY DEFAULT AS IDENTITY (
    SEQUENCE NAME public.django_migrations_id_seq
    START WITH 1
    INCREMENT BY 1
    NO MINVALUE
    NO MAXVALUE
    CACHE 1
);


--
-- Name: django_session; Type: TABLE; Schema: public; Owner: postgres
--

CREATE TABLE public.django_session (
    session_key character varying(40) NOT NULL,
    session_data text NOT NULL,
    expire_date timestamp with time zone NOT NULL
);


ALTER TABLE public.django_session OWNER TO postgres;

--
-- Name: format; Type: TABLE; Schema: public; Owner: postgres
--

CREATE TABLE public.format (
    format_id integer NOT NULL,
    format character varying(255) NOT NULL
);


ALTER TABLE public.format OWNER TO postgres;

--
-- Name: format_format_id_seq; Type: SEQUENCE; Schema: public; Owner: postgres
--

ALTER TABLE public.format ALTER COLUMN format_id ADD GENERATED BY DEFAULT AS IDENTITY (
    SEQUENCE NAME public.format_format_id_seq
    START WITH 1
    INCREMENT BY 1
    NO MINVALUE
    NO MAXVALUE
    CACHE 1
);


--
-- Name: genres; Type: TABLE; Schema: public; Owner: postgres
--

CREATE TABLE public.genres (
    genre_id integer NOT NULL,
    genre character varying(255) NOT NULL
);


ALTER TABLE public.genres OWNER TO postgres;

--
-- Name: genres_genre_id_seq; Type: SEQUENCE; Schema: public; Owner: postgres
--

ALTER TABLE public.genres ALTER COLUMN genre_id ADD GENERATED BY DEFAULT AS IDENTITY (
    SEQUENCE NAME public.genres_genre_id_seq
    START WITH 1
    INCREMENT BY 1
    NO MINVALUE
    NO MAXVALUE
    CACHE 1
);


--
-- Name: lending_behaviour; Type: TABLE; Schema: public; Owner: postgres
--

CREATE TABLE public.lending_behaviour (
    lending_behaviour_id integer NOT NULL,
    lending_behaviour character varying(255) NOT NULL,
    occurrence integer NOT NULL
);


ALTER TABLE public.lending_behaviour OWNER TO postgres;

--
-- Name: lending_behaviour_lending_behaviour_id_seq; Type: SEQUENCE; Schema: public; Owner: postgres
--

ALTER TABLE public.lending_behaviour ALTER COLUMN lending_behaviour_id ADD GENERATED BY DEFAULT AS IDENTITY (
    SEQUENCE NAME public.lending_behaviour_lending_behaviour_id_seq
    START WITH 1
    INCREMENT BY 1
    NO MINVALUE
    NO MAXVALUE
    CACHE 1
);


--
-- Name: lending_preferences; Type: TABLE; Schema: public; Owner: postgres
--

CREATE TABLE public.lending_preferences (
    lending_preference_id integer NOT NULL,
    lending_preference character varying(255) NOT NULL,
    occurrence integer NOT NULL
);


ALTER TABLE public.lending_preferences OWNER TO postgres;

--
-- Name: lending_preferences_lending_preference_id_seq; Type: SEQUENCE; Schema: public; Owner: postgres
--

ALTER TABLE public.lending_preferences ALTER COLUMN lending_preference_id ADD GENERATED BY DEFAULT AS IDENTITY (
    SEQUENCE NAME public.lending_preferences_lending_preference_id_seq
    START WITH 1
    INCREMENT BY 1
    NO MINVALUE
    NO MAXVALUE
    CACHE 1
);


--
-- Name: lending_status; Type: TABLE; Schema: public; Owner: postgres
--

CREATE TABLE public.lending_status (
    lending_status_id integer NOT NULL,
    lending_status character varying(255) NOT NULL
);


ALTER TABLE public.lending_status OWNER TO postgres;

--
-- Name: lending_status_lending_status_id_seq; Type: SEQUENCE; Schema: public; Owner: postgres
--

ALTER TABLE public.lending_status ALTER COLUMN lending_status_id ADD GENERATED BY DEFAULT AS IDENTITY (
    SEQUENCE NAME public.lending_status_lending_status_id_seq
    START WITH 1
    INCREMENT BY 1
    NO MINVALUE
    NO MAXVALUE
    CACHE 1
);


--
-- Name: library_catalogue; Type: TABLE; Schema: public; Owner: postgres
--

CREATE TABLE public.library_catalogue (
    library_catalogue_id integer NOT NULL,
    title character varying(255) NOT NULL,
    publication_date timestamp with time zone NOT NULL,
    current_condition character varying(255) NOT NULL,
    resource_type_id integer NOT NULL,
    format_id integer,
    genre_id integer,
    date_added timestamp with time zone
);


ALTER TABLE public.library_catalogue OWNER TO postgres;

--
-- Name: library_catalogue_library_catalogue_id_seq; Type: SEQUENCE; Schema: public; Owner: postgres
--

ALTER TABLE public.library_catalogue ALTER COLUMN library_catalogue_id ADD GENERATED BY DEFAULT AS IDENTITY (
    SEQUENCE NAME public.library_catalogue_library_catalogue_id_seq
    START WITH 1
    INCREMENT BY 1
    NO MINVALUE
    NO MAXVALUE
    CACHE 1
);


--
-- Name: member_lending_behaviour; Type: TABLE; Schema: public; Owner: postgres
--

CREATE TABLE public.member_lending_behaviour (
    member_lending_behaviour_id integer NOT NULL,
    lending_behaviour_id integer NOT NULL,
    member_id integer NOT NULL
);


ALTER TABLE public.member_lending_behaviour OWNER TO postgres;

--
-- Name: member_lending_behaviour_member_lending_behaviour_id_seq; Type: SEQUENCE; Schema: public; Owner: postgres
--

ALTER TABLE public.member_lending_behaviour ALTER COLUMN member_lending_behaviour_id ADD GENERATED BY DEFAULT AS IDENTITY (
    SEQUENCE NAME public.member_lending_behaviour_member_lending_behaviour_id_seq
    START WITH 1
    INCREMENT BY 1
    NO MINVALUE
    NO MAXVALUE
    CACHE 1
);


--
-- Name: member_lending_preferences; Type: TABLE; Schema: public; Owner: postgres
--

CREATE TABLE public.member_lending_preferences (
    member_lending_preference_id integer NOT NULL,
    lending_preference_id integer NOT NULL,
    member_id integer NOT NULL
);


ALTER TABLE public.member_lending_preferences OWNER TO postgres;

--
-- Name: member_lending_preferences_member_lending_preference_id_seq; Type: SEQUENCE; Schema: public; Owner: postgres
--

ALTER TABLE public.member_lending_preferences ALTER COLUMN member_lending_preference_id ADD GENERATED BY DEFAULT AS IDENTITY (
    SEQUENCE NAME public.member_lending_preferences_member_lending_preference_id_seq
    START WITH 1
    INCREMENT BY 1
    NO MINVALUE
    NO MAXVALUE
    CACHE 1
);


--
-- Name: membership; Type: TABLE; Schema: public; Owner: postgres
--

CREATE TABLE public.membership (
    membership_id integer NOT NULL,
    date_enrolled timestamp with time zone NOT NULL,
    membership_status_id integer NOT NULL,
    user_id bigint NOT NULL
);


ALTER TABLE public.membership OWNER TO postgres;

--
-- Name: membership_membership_id_seq; Type: SEQUENCE; Schema: public; Owner: postgres
--

ALTER TABLE public.membership ALTER COLUMN membership_id ADD GENERATED BY DEFAULT AS IDENTITY (
    SEQUENCE NAME public.membership_membership_id_seq
    START WITH 1
    INCREMENT BY 1
    NO MINVALUE
    NO MAXVALUE
    CACHE 1
);


--
-- Name: membership_status; Type: TABLE; Schema: public; Owner: postgres
--

CREATE TABLE public.membership_status (
    membership_status_id integer NOT NULL,
    membership_status_name character varying(255) NOT NULL
);


ALTER TABLE public.membership_status OWNER TO postgres;

--
-- Name: membership_status_membership_status_id_seq; Type: SEQUENCE; Schema: public; Owner: postgres
--

ALTER TABLE public.membership_status ALTER COLUMN membership_status_id ADD GENERATED BY DEFAULT AS IDENTITY (
    SEQUENCE NAME public.membership_status_membership_status_id_seq
    START WITH 1
    INCREMENT BY 1
    NO MINVALUE
    NO MAXVALUE
    CACHE 1
);


--
-- Name: newspaper; Type: TABLE; Schema: public; Owner: postgres
--

CREATE TABLE public.newspaper (
    newspaper_id integer NOT NULL,
    publication_date timestamp with time zone NOT NULL,
    source character varying(255) NOT NULL,
    url text NOT NULL,
    library_catalogue_id integer NOT NULL,
    content text
);


ALTER TABLE public.newspaper OWNER TO postgres;

--
-- Name: newspaper_newspaper_id_seq; Type: SEQUENCE; Schema: public; Owner: postgres
--

ALTER TABLE public.newspaper ALTER COLUMN newspaper_id ADD GENERATED BY DEFAULT AS IDENTITY (
    SEQUENCE NAME public.newspaper_newspaper_id_seq
    START WITH 1
    INCREMENT BY 1
    NO MINVALUE
    NO MAXVALUE
    CACHE 1
);


--
-- Name: resource_type; Type: TABLE; Schema: public; Owner: postgres
--

CREATE TABLE public.resource_type (
    resource_type_id integer NOT NULL,
    resource_type_name character varying(255) NOT NULL
);


ALTER TABLE public.resource_type OWNER TO postgres;

--
-- Name: resource_type_resource_type_id_seq; Type: SEQUENCE; Schema: public; Owner: postgres
--

ALTER TABLE public.resource_type ALTER COLUMN resource_type_id ADD GENERATED BY DEFAULT AS IDENTITY (
    SEQUENCE NAME public.resource_type_resource_type_id_seq
    START WITH 1
    INCREMENT BY 1
    NO MINVALUE
    NO MAXVALUE
    CACHE 1
);


--
-- Name: roles; Type: TABLE; Schema: public; Owner: postgres
--

CREATE TABLE public.roles (
    role_id integer NOT NULL,
    role_name character varying(255) NOT NULL
);


ALTER TABLE public.roles OWNER TO postgres;

--
-- Name: roles_role_id_seq; Type: SEQUENCE; Schema: public; Owner: postgres
--

ALTER TABLE public.roles ALTER COLUMN role_id ADD GENERATED BY DEFAULT AS IDENTITY (
    SEQUENCE NAME public.roles_role_id_seq
    START WITH 1
    INCREMENT BY 1
    NO MINVALUE
    NO MAXVALUE
    CACHE 1
);


--
-- Name: staff_records; Type: TABLE; Schema: public; Owner: postgres
--

CREATE TABLE public.staff_records (
    staff_record_id integer NOT NULL,
    qualification character varying(255) NOT NULL,
    experience text NOT NULL,
    skill_set text NOT NULL,
    grade text NOT NULL,
    user_id bigint NOT NULL
);


ALTER TABLE public.staff_records OWNER TO postgres;

--
-- Name: staff_records_staff_record_id_seq; Type: SEQUENCE; Schema: public; Owner: postgres
--

ALTER TABLE public.staff_records ALTER COLUMN staff_record_id ADD GENERATED BY DEFAULT AS IDENTITY (
    SEQUENCE NAME public.staff_records_staff_record_id_seq
    START WITH 1
    INCREMENT BY 1
    NO MINVALUE
    NO MAXVALUE
    CACHE 1
);


--
-- Name: user_catalogue; Type: TABLE; Schema: public; Owner: postgres
--

CREATE TABLE public.user_catalogue (
    user_catalogue_id integer NOT NULL,
    date_lent timestamp with time zone NOT NULL,
    date_returned timestamp with time zone,
    duration_in_days integer NOT NULL,
    borrow_state_id integer,
    library_catalogue_id integer NOT NULL,
    return_state_id integer,
    user_id bigint NOT NULL,
    lending_status_id integer,
    transaction character varying(255)
);


ALTER TABLE public.user_catalogue OWNER TO postgres;

--
-- Name: user_catalogue_user_catalogue_id_seq; Type: SEQUENCE; Schema: public; Owner: postgres
--

ALTER TABLE public.user_catalogue ALTER COLUMN user_catalogue_id ADD GENERATED BY DEFAULT AS IDENTITY (
    SEQUENCE NAME public.user_catalogue_user_catalogue_id_seq
    START WITH 1
    INCREMENT BY 1
    NO MINVALUE
    NO MAXVALUE
    CACHE 1
);


--
-- Name: users; Type: TABLE; Schema: public; Owner: postgres
--

CREATE TABLE public.users (
    id bigint NOT NULL,
    middle_name character varying(255),
    postal_address character varying(255) NOT NULL,
    physical_address character varying(255) NOT NULL,
    role_id integer NOT NULL,
    user_id integer NOT NULL
);


ALTER TABLE public.users OWNER TO postgres;

--
-- Name: users_id_seq; Type: SEQUENCE; Schema: public; Owner: postgres
--

ALTER TABLE public.users ALTER COLUMN id ADD GENERATED BY DEFAULT AS IDENTITY (
    SEQUENCE NAME public.users_id_seq
    START WITH 1
    INCREMENT BY 1
    NO MINVALUE
    NO MAXVALUE
    CACHE 1
);


--
-- Data for Name: article; Type: TABLE DATA; Schema: public; Owner: postgres
--

COPY public.article (article_id, author, publication_date, content, library_catalogue_id, url) FROM stdin;
1	NOVA Information Management School (NOVA IMS)	2024-02-24 00:00:00+00	With fast-growing technology, schools have to adapt and use technology constantly as a tool to grow. This study aims to understand the influence of computer factors on students' academic achievement. We propose a model on the influence of computer attitudes, computer learning environments, computer learning motivations, computer confidence, computer use, computer self-efficacy, loneliness, mothers' education, parents' marital status and family size on academic achievement (AA). To validate the conceptual model, 286 students aged 16–18 years old answered an online questionnaire. The most important drivers that positively affect AA are computer use, employment motivations, and mothers' education. While enjoyment attitudes, school environment, interest motivations, and loneliness influence AA negatively. Also, family size and computer self-efficacy work as moderators, and computer use works as a mediator between computer learning environments and academic achievement.	37	https://www.ncbi.nlm.nih.gov/pmc/articles/PMC8920860/
\.


--
-- Data for Name: auth_group; Type: TABLE DATA; Schema: public; Owner: postgres
--

COPY public.auth_group (id, name) FROM stdin;
\.


--
-- Data for Name: auth_group_permissions; Type: TABLE DATA; Schema: public; Owner: postgres
--

COPY public.auth_group_permissions (id, group_id, permission_id) FROM stdin;
\.


--
-- Data for Name: auth_permission; Type: TABLE DATA; Schema: public; Owner: postgres
--

COPY public.auth_permission (id, name, content_type_id, codename) FROM stdin;
1	Can add log entry	1	add_logentry
2	Can change log entry	1	change_logentry
3	Can delete log entry	1	delete_logentry
4	Can view log entry	1	view_logentry
5	Can add permission	2	add_permission
6	Can change permission	2	change_permission
7	Can delete permission	2	delete_permission
8	Can view permission	2	view_permission
9	Can add group	3	add_group
10	Can change group	3	change_group
11	Can delete group	3	delete_group
12	Can view group	3	view_group
13	Can add user	4	add_user
14	Can change user	4	change_user
15	Can delete user	4	delete_user
16	Can view user	4	view_user
17	Can add content type	5	add_contenttype
18	Can change content type	5	change_contenttype
19	Can delete content type	5	delete_contenttype
20	Can view content type	5	view_contenttype
21	Can add session	6	add_session
22	Can change session	6	change_session
23	Can delete session	6	delete_session
24	Can view session	6	view_session
25	Can add Token	7	add_token
26	Can change Token	7	change_token
27	Can delete Token	7	delete_token
28	Can view Token	7	view_token
29	Can add token	8	add_tokenproxy
30	Can change token	8	change_tokenproxy
31	Can delete token	8	delete_tokenproxy
32	Can view token	8	view_tokenproxy
33	Can add resource type	9	add_resourcetype
34	Can change resource type	9	change_resourcetype
35	Can delete resource type	9	delete_resourcetype
36	Can view resource type	9	view_resourcetype
37	Can add library catalogue	10	add_librarycatalogue
38	Can change library catalogue	10	change_librarycatalogue
39	Can delete library catalogue	10	delete_librarycatalogue
40	Can view library catalogue	10	view_librarycatalogue
41	Can add article	11	add_article
42	Can change article	11	change_article
43	Can delete article	11	delete_article
44	Can view article	11	view_article
45	Can add newspaper	12	add_newspaper
46	Can change newspaper	12	change_newspaper
47	Can delete newspaper	12	delete_newspaper
48	Can view newspaper	12	view_newspaper
49	Can add book	13	add_book
50	Can change book	13	change_book
51	Can delete book	13	delete_book
52	Can view book	13	view_book
53	Can add membership status	14	add_membershipstatus
54	Can change membership status	14	change_membershipstatus
55	Can delete membership status	14	delete_membershipstatus
56	Can view membership status	14	view_membershipstatus
57	Can add lending behaviour	15	add_lendingbehaviour
58	Can change lending behaviour	15	change_lendingbehaviour
59	Can delete lending behaviour	15	delete_lendingbehaviour
60	Can view lending behaviour	15	view_lendingbehaviour
61	Can add lending preference	16	add_lendingpreference
62	Can change lending preference	16	change_lendingpreference
63	Can delete lending preference	16	delete_lendingpreference
64	Can view lending preference	16	view_lendingpreference
65	Can add membership	17	add_membership
66	Can change membership	17	change_membership
67	Can delete membership	17	delete_membership
68	Can view membership	17	view_membership
69	Can add member lending preference	18	add_memberlendingpreference
70	Can change member lending preference	18	change_memberlendingpreference
71	Can delete member lending preference	18	delete_memberlendingpreference
72	Can view member lending preference	18	view_memberlendingpreference
73	Can add member lending behaviour	19	add_memberlendingbehaviour
74	Can change member lending behaviour	19	change_memberlendingbehaviour
75	Can delete member lending behaviour	19	delete_memberlendingbehaviour
76	Can view member lending behaviour	19	view_memberlendingbehaviour
77	Can add borrowing state	20	add_borrowingstate
78	Can change borrowing state	20	change_borrowingstate
79	Can delete borrowing state	20	delete_borrowingstate
80	Can view borrowing state	20	view_borrowingstate
81	Can add lending status	21	add_lendingstatus
82	Can change lending status	21	change_lendingstatus
83	Can delete lending status	21	delete_lendingstatus
84	Can view lending status	21	view_lendingstatus
85	Can add user catalogue	22	add_usercatalogue
86	Can change user catalogue	22	change_usercatalogue
87	Can delete user catalogue	22	delete_usercatalogue
88	Can view user catalogue	22	view_usercatalogue
89	Can add role	23	add_role
90	Can change role	23	change_role
91	Can delete role	23	delete_role
92	Can view role	23	view_role
93	Can add user	24	add_user
94	Can change user	24	change_user
95	Can delete user	24	delete_user
96	Can view user	24	view_user
97	Can add staff records	25	add_staffrecords
98	Can change staff records	25	change_staffrecords
99	Can delete staff records	25	delete_staffrecords
100	Can view staff records	25	view_staffrecords
101	Can add format	26	add_format
102	Can change format	26	change_format
103	Can delete format	26	delete_format
104	Can view format	26	view_format
105	Can add genres	27	add_genres
106	Can change genres	27	change_genres
107	Can delete genres	27	delete_genres
108	Can view genres	27	view_genres
\.


--
-- Data for Name: auth_user; Type: TABLE DATA; Schema: public; Owner: postgres
--

COPY public.auth_user (id, password, last_login, is_superuser, username, first_name, last_name, email, is_staff, is_active, date_joined) FROM stdin;
1	pbkdf2_sha256$600000$0cFheOpATkHNX8vLBbl0hJ$lj8Vg/FFAkFs0hj5NI6izdczz8OVxa2GgGSTRyRc5RM=	\N	f	pistone	Pistone	sanjama	pistonsanjama45@gmail.com	f	t	2024-06-01 22:17:41.430671+00
3	pbkdf2_sha256$600000$XDTN0hTKCdL4m9Lm1LoSGb$gHKziuTGEhmUyBC46/N5mlFuH5DZynllTCnbkTlsRhI=	\N	f	approver	Approver	sanjama	pistonsanjama45@gmail.com	f	t	2024-06-02 17:15:10.104495+00
4	pbkdf2_sha256$600000$PeAVAIfp4D67bEwzIlR0wL$mDN7aJYxCYmmYzdJJy0Csxo8S+8zF+8pKLkef6hwce4=	\N	f	reviewer	Reviewer	sanjama	pistonsanjama45@gmail.com	f	t	2024-06-02 17:16:32.420432+00
9	pbkdf2_sha256$600000$G4QW2N4VW8HMVV4Da7GbSv$ne+v+U+cEAt66jGXpNsD8sDunqsoXratMv6X7VO7b0E=	\N	f	member	member	sanjama	pistonsanjama45@gmail.com	f	t	2024-06-03 18:42:08.388225+00
\.


--
-- Data for Name: auth_user_groups; Type: TABLE DATA; Schema: public; Owner: postgres
--

COPY public.auth_user_groups (id, user_id, group_id) FROM stdin;
\.


--
-- Data for Name: auth_user_user_permissions; Type: TABLE DATA; Schema: public; Owner: postgres
--

COPY public.auth_user_user_permissions (id, user_id, permission_id) FROM stdin;
\.


--
-- Data for Name: authtoken_token; Type: TABLE DATA; Schema: public; Owner: postgres
--

COPY public.authtoken_token (key, created, user_id) FROM stdin;
ffc09b1253aaa3c14dcbe74940bcf2493dc842b9	2024-06-01 22:17:50.901422+00	1
db74c9b87b22caadb9be02424b82a62f12a2d010	2024-06-02 17:15:21.526739+00	3
7078ad85014b2432b931b6a6018f502846c78735	2024-06-02 17:16:32.864188+00	4
b06b48bd8e5438f7fab7deb5854e9c0a739b6a95	2024-06-03 18:42:08.812643+00	9
\.


--
-- Data for Name: book; Type: TABLE DATA; Schema: public; Owner: postgres
--

COPY public.book (isbn, book_name, author, number_of_copies, publication_date, library_catalogue_id) FROM stdin;
978-0-06-112008-4	To Kill a Mockingbird	Harper Lee	0	1960-01-01 00:00:00+00	38
978-0-545-01022	The Great Gatsby	F. Scott Fitzgerald	10	1925-04-10 00:00:00+00	3
\.


--
-- Data for Name: borrowing_states; Type: TABLE DATA; Schema: public; Owner: postgres
--

COPY public.borrowing_states (borrowing_state_id, borrowing_state) FROM stdin;
1	Good
2	Damaged
\.


--
-- Data for Name: django_admin_log; Type: TABLE DATA; Schema: public; Owner: postgres
--

COPY public.django_admin_log (id, action_time, object_id, object_repr, action_flag, change_message, content_type_id, user_id) FROM stdin;
\.


--
-- Data for Name: django_content_type; Type: TABLE DATA; Schema: public; Owner: postgres
--

COPY public.django_content_type (id, app_label, model) FROM stdin;
1	admin	logentry
2	auth	permission
3	auth	group
4	auth	user
5	contenttypes	contenttype
6	sessions	session
7	authtoken	token
8	authtoken	tokenproxy
9	library_catalogue	resourcetype
10	library_catalogue	librarycatalogue
11	library_catalogue	article
12	library_catalogue	newspaper
13	library_catalogue	book
14	library_catalogue	membershipstatus
15	library_catalogue	lendingbehaviour
16	library_catalogue	lendingpreference
17	library_catalogue	membership
18	library_catalogue	memberlendingpreference
19	library_catalogue	memberlendingbehaviour
20	library_catalogue	borrowingstate
21	library_catalogue	lendingstatus
22	library_catalogue	usercatalogue
23	users	role
24	users	user
25	users	staffrecords
26	library_catalogue	format
27	library_catalogue	genres
\.


--
-- Data for Name: django_migrations; Type: TABLE DATA; Schema: public; Owner: postgres
--

COPY public.django_migrations (id, app, name, applied) FROM stdin;
1	contenttypes	0001_initial	2024-05-30 09:33:47.521487+00
2	auth	0001_initial	2024-05-30 09:33:47.599001+00
3	admin	0001_initial	2024-05-30 09:33:47.624001+00
4	admin	0002_logentry_remove_auto_add	2024-05-30 09:33:47.631003+00
5	admin	0003_logentry_add_action_flag_choices	2024-05-30 09:33:47.640001+00
6	contenttypes	0002_remove_content_type_name	2024-05-30 09:33:47.653001+00
7	auth	0002_alter_permission_name_max_length	2024-05-30 09:33:47.662001+00
8	auth	0003_alter_user_email_max_length	2024-05-30 09:33:47.674001+00
9	auth	0004_alter_user_username_opts	2024-05-30 09:33:47.681002+00
10	auth	0005_alter_user_last_login_null	2024-05-30 09:33:47.690001+00
11	auth	0006_require_contenttypes_0002	2024-05-30 09:33:47.694001+00
12	auth	0007_alter_validators_add_error_messages	2024-05-30 09:33:47.701001+00
13	auth	0008_alter_user_username_max_length	2024-05-30 09:33:47.713001+00
14	auth	0009_alter_user_last_name_max_length	2024-05-30 09:33:47.723001+00
15	auth	0010_alter_group_name_max_length	2024-05-30 09:33:47.734001+00
16	auth	0011_update_proxy_permissions	2024-05-30 09:33:47.744001+00
17	auth	0012_alter_user_first_name_max_length	2024-05-30 09:33:47.755001+00
18	sessions	0001_initial	2024-05-30 09:33:47.775003+00
20	library_catalogue	0001_initial	2024-05-30 13:35:06.851273+00
21	users	0001_initial	2024-05-30 14:01:16.357066+00
22	authtoken	0001_initial	2024-05-30 20:18:10.207296+00
23	authtoken	0002_auto_20160226_1747	2024-05-30 20:18:10.227475+00
24	authtoken	0003_tokenproxy	2024-05-30 20:18:10.236798+00
25	users	0002_staffrecords	2024-05-31 20:36:56.488901+00
26	library_catalogue	0002_borrowingstate_lendingbehaviour_lendingpreference_and_more	2024-05-31 20:37:21.642112+00
27	library_catalogue	0003_lendingstatus_usercatalogue_lending_status	2024-06-01 19:50:43.660232+00
28	users	0003_remove_user_phone	2024-06-01 20:51:55.354909+00
29	library_catalogue	0004_alter_article_publication_date_and_more	2024-06-01 21:37:19.189598+00
30	library_catalogue	0005_newspaper_content	2024-06-02 08:39:31.132842+00
31	library_catalogue	0006_article_url	2024-06-02 08:58:40.974192+00
32	library_catalogue	0007_usercatalogue_transaction	2024-06-02 10:46:12.134424+00
33	library_catalogue	0008_alter_usercatalogue_date_returned	2024-06-02 11:01:39.753138+00
34	library_catalogue	0009_format_genres_usercatalogue_format_and_more	2024-06-03 07:29:51.264872+00
35	library_catalogue	0010_book_format_book_genre	2024-06-03 07:55:01.01562+00
36	library_catalogue	0011_remove_book_format_remove_book_genre	2024-06-03 07:55:47.739495+00
37	library_catalogue	0012_librarycatalogue_format_librarycatalogue_genre	2024-06-03 07:56:16.06298+00
38	library_catalogue	0013_remove_usercatalogue_format_and_more	2024-06-03 19:46:47.405604+00
39	library_catalogue	0014_alter_usercatalogue_date_returned	2024-06-03 20:25:49.686321+00
40	library_catalogue	0015_librarycatalogue_date_added	2024-06-04 09:12:13.165452+00
\.


--
-- Data for Name: django_session; Type: TABLE DATA; Schema: public; Owner: postgres
--

COPY public.django_session (session_key, session_data, expire_date) FROM stdin;
\.


--
-- Data for Name: format; Type: TABLE DATA; Schema: public; Owner: postgres
--

COPY public.format (format_id, format) FROM stdin;
1	Electronic
2	Soft Copy
\.


--
-- Data for Name: genres; Type: TABLE DATA; Schema: public; Owner: postgres
--

COPY public.genres (genre_id, genre) FROM stdin;
1	Fiction
2	Science
3	Non-Fiction
\.


--
-- Data for Name: lending_behaviour; Type: TABLE DATA; Schema: public; Owner: postgres
--

COPY public.lending_behaviour (lending_behaviour_id, lending_behaviour, occurrence) FROM stdin;
1	Overdue	2
\.


--
-- Data for Name: lending_preferences; Type: TABLE DATA; Schema: public; Owner: postgres
--

COPY public.lending_preferences (lending_preference_id, lending_preference, occurrence) FROM stdin;
3	Fiction	2
4	Fiction	1
\.


--
-- Data for Name: lending_status; Type: TABLE DATA; Schema: public; Owner: postgres
--

COPY public.lending_status (lending_status_id, lending_status) FROM stdin;
1	Pending
2	Approved
3	Denied
\.


--
-- Data for Name: library_catalogue; Type: TABLE DATA; Schema: public; Owner: postgres
--

COPY public.library_catalogue (library_catalogue_id, title, publication_date, current_condition, resource_type_id, format_id, genre_id, date_added) FROM stdin;
36	Good condition	2024-04-10 00:00:00+00	Good condition	3	2	2	2024-06-04 09:12:13.138838+00
3	The Great Gatsby	1925-04-10 00:00:00+00	Good condition	1	1	3	2024-06-04 09:12:13.138838+00
37	Influence of computers in students’ academic achievement	2024-02-24 00:00:00+00	Good condition	1	2	2	2024-06-01 09:12:13.138+00
38	To Kill a Mockingbird	1960-01-01 00:00:00+00	Good condition	1	1	1	2024-05-04 09:12:13.138+00
\.


--
-- Data for Name: member_lending_behaviour; Type: TABLE DATA; Schema: public; Owner: postgres
--

COPY public.member_lending_behaviour (member_lending_behaviour_id, lending_behaviour_id, member_id) FROM stdin;
1	1	1
\.


--
-- Data for Name: member_lending_preferences; Type: TABLE DATA; Schema: public; Owner: postgres
--

COPY public.member_lending_preferences (member_lending_preference_id, lending_preference_id, member_id) FROM stdin;
3	3	1
4	4	6
\.


--
-- Data for Name: membership; Type: TABLE DATA; Schema: public; Owner: postgres
--

COPY public.membership (membership_id, date_enrolled, membership_status_id, user_id) FROM stdin;
1	2024-06-01 22:17:46.813648+00	1	1
6	2024-06-03 18:42:08.594723+00	3	9
\.


--
-- Data for Name: membership_status; Type: TABLE DATA; Schema: public; Owner: postgres
--

COPY public.membership_status (membership_status_id, membership_status_name) FROM stdin;
1	Active
2	Revoked
3	Pending
\.


--
-- Data for Name: newspaper; Type: TABLE DATA; Schema: public; Owner: postgres
--

COPY public.newspaper (newspaper_id, publication_date, source, url, library_catalogue_id, content) FROM stdin;
1	2024-04-10 00:00:00+00	Good condition	www.google.com	36	
\.


--
-- Data for Name: resource_type; Type: TABLE DATA; Schema: public; Owner: postgres
--

COPY public.resource_type (resource_type_id, resource_type_name) FROM stdin;
1	Book
2	Article
3	Newspaper
\.


--
-- Data for Name: roles; Type: TABLE DATA; Schema: public; Owner: postgres
--

COPY public.roles (role_id, role_name) FROM stdin;
1	Admin
2	Member
3	Reviewer
4	Approver
\.


--
-- Data for Name: staff_records; Type: TABLE DATA; Schema: public; Owner: postgres
--

COPY public.staff_records (staff_record_id, qualification, experience, skill_set, grade, user_id) FROM stdin;
1	bachelors Degree	4 Years	Java	sample	3
2	bachelors Degree	4 Years	Java	sample	4
\.


--
-- Data for Name: user_catalogue; Type: TABLE DATA; Schema: public; Owner: postgres
--

COPY public.user_catalogue (user_catalogue_id, date_lent, date_returned, duration_in_days, borrow_state_id, library_catalogue_id, return_state_id, user_id, lending_status_id, transaction) FROM stdin;
12	2024-06-03 08:53:25.757942+00	\N	10	1	37	\N	1	2	\N
11	2024-06-03 08:37:33.928293+00	\N	10	1	3	\N	1	2	\N
9	2024-06-02 17:49:04.006242+00	\N	10	1	3	\N	1	2	\N
13	2024-03-01 09:02:22.125+00	2024-06-03 22:26:27.485744+00	1	1	36	1	1	2	Completed
10	2024-05-03 08:37:04.413+00	\N	10	1	3	\N	1	2	\N
3	2024-04-02 11:02:51.689+00	2024-06-03 23:10:04.035111+00	10	1	3	1	1	2	Completed
\.


--
-- Data for Name: users; Type: TABLE DATA; Schema: public; Owner: postgres
--

COPY public.users (id, middle_name, postal_address, physical_address, role_id, user_id) FROM stdin;
1		Box 31 Ngabu	Ngabu, Chikwawa	2	1
3		Box 31 Ngabu	Ngabu, Chikwawa	3	3
4		Box 31 Ngabu	Ngabu, Chikwawa	3	4
9		Box 31 Ngabu	Ngabu, Chikwawa	2	9
\.


--
-- Name: article_article_id_seq; Type: SEQUENCE SET; Schema: public; Owner: postgres
--

SELECT pg_catalog.setval('public.article_article_id_seq', 1, true);


--
-- Name: auth_group_id_seq; Type: SEQUENCE SET; Schema: public; Owner: postgres
--

SELECT pg_catalog.setval('public.auth_group_id_seq', 1, false);


--
-- Name: auth_group_permissions_id_seq; Type: SEQUENCE SET; Schema: public; Owner: postgres
--

SELECT pg_catalog.setval('public.auth_group_permissions_id_seq', 1, false);


--
-- Name: auth_permission_id_seq; Type: SEQUENCE SET; Schema: public; Owner: postgres
--

SELECT pg_catalog.setval('public.auth_permission_id_seq', 108, true);


--
-- Name: auth_user_groups_id_seq; Type: SEQUENCE SET; Schema: public; Owner: postgres
--

SELECT pg_catalog.setval('public.auth_user_groups_id_seq', 1, false);


--
-- Name: auth_user_id_seq; Type: SEQUENCE SET; Schema: public; Owner: postgres
--

SELECT pg_catalog.setval('public.auth_user_id_seq', 9, true);


--
-- Name: auth_user_user_permissions_id_seq; Type: SEQUENCE SET; Schema: public; Owner: postgres
--

SELECT pg_catalog.setval('public.auth_user_user_permissions_id_seq', 1, false);


--
-- Name: borrowing_states_borrowing_state_id_seq; Type: SEQUENCE SET; Schema: public; Owner: postgres
--

SELECT pg_catalog.setval('public.borrowing_states_borrowing_state_id_seq', 2, true);


--
-- Name: django_admin_log_id_seq; Type: SEQUENCE SET; Schema: public; Owner: postgres
--

SELECT pg_catalog.setval('public.django_admin_log_id_seq', 1, false);


--
-- Name: django_content_type_id_seq; Type: SEQUENCE SET; Schema: public; Owner: postgres
--

SELECT pg_catalog.setval('public.django_content_type_id_seq', 27, true);


--
-- Name: django_migrations_id_seq; Type: SEQUENCE SET; Schema: public; Owner: postgres
--

SELECT pg_catalog.setval('public.django_migrations_id_seq', 40, true);


--
-- Name: format_format_id_seq; Type: SEQUENCE SET; Schema: public; Owner: postgres
--

SELECT pg_catalog.setval('public.format_format_id_seq', 2, true);


--
-- Name: genres_genre_id_seq; Type: SEQUENCE SET; Schema: public; Owner: postgres
--

SELECT pg_catalog.setval('public.genres_genre_id_seq', 3, true);


--
-- Name: lending_behaviour_lending_behaviour_id_seq; Type: SEQUENCE SET; Schema: public; Owner: postgres
--

SELECT pg_catalog.setval('public.lending_behaviour_lending_behaviour_id_seq', 1, true);


--
-- Name: lending_preferences_lending_preference_id_seq; Type: SEQUENCE SET; Schema: public; Owner: postgres
--

SELECT pg_catalog.setval('public.lending_preferences_lending_preference_id_seq', 4, true);


--
-- Name: lending_status_lending_status_id_seq; Type: SEQUENCE SET; Schema: public; Owner: postgres
--

SELECT pg_catalog.setval('public.lending_status_lending_status_id_seq', 3, true);


--
-- Name: library_catalogue_library_catalogue_id_seq; Type: SEQUENCE SET; Schema: public; Owner: postgres
--

SELECT pg_catalog.setval('public.library_catalogue_library_catalogue_id_seq', 38, true);


--
-- Name: member_lending_behaviour_member_lending_behaviour_id_seq; Type: SEQUENCE SET; Schema: public; Owner: postgres
--

SELECT pg_catalog.setval('public.member_lending_behaviour_member_lending_behaviour_id_seq', 1, true);


--
-- Name: member_lending_preferences_member_lending_preference_id_seq; Type: SEQUENCE SET; Schema: public; Owner: postgres
--

SELECT pg_catalog.setval('public.member_lending_preferences_member_lending_preference_id_seq', 4, true);


--
-- Name: membership_membership_id_seq; Type: SEQUENCE SET; Schema: public; Owner: postgres
--

SELECT pg_catalog.setval('public.membership_membership_id_seq', 6, true);


--
-- Name: membership_status_membership_status_id_seq; Type: SEQUENCE SET; Schema: public; Owner: postgres
--

SELECT pg_catalog.setval('public.membership_status_membership_status_id_seq', 3, true);


--
-- Name: newspaper_newspaper_id_seq; Type: SEQUENCE SET; Schema: public; Owner: postgres
--

SELECT pg_catalog.setval('public.newspaper_newspaper_id_seq', 1, true);


--
-- Name: resource_type_resource_type_id_seq; Type: SEQUENCE SET; Schema: public; Owner: postgres
--

SELECT pg_catalog.setval('public.resource_type_resource_type_id_seq', 3, true);


--
-- Name: roles_role_id_seq; Type: SEQUENCE SET; Schema: public; Owner: postgres
--

SELECT pg_catalog.setval('public.roles_role_id_seq', 4, true);


--
-- Name: staff_records_staff_record_id_seq; Type: SEQUENCE SET; Schema: public; Owner: postgres
--

SELECT pg_catalog.setval('public.staff_records_staff_record_id_seq', 2, true);


--
-- Name: user_catalogue_user_catalogue_id_seq; Type: SEQUENCE SET; Schema: public; Owner: postgres
--

SELECT pg_catalog.setval('public.user_catalogue_user_catalogue_id_seq', 13, true);


--
-- Name: users_id_seq; Type: SEQUENCE SET; Schema: public; Owner: postgres
--

SELECT pg_catalog.setval('public.users_id_seq', 9, true);


--
-- Name: article article_pkey; Type: CONSTRAINT; Schema: public; Owner: postgres
--

ALTER TABLE ONLY public.article
    ADD CONSTRAINT article_pkey PRIMARY KEY (article_id);


--
-- Name: auth_group auth_group_name_key; Type: CONSTRAINT; Schema: public; Owner: postgres
--

ALTER TABLE ONLY public.auth_group
    ADD CONSTRAINT auth_group_name_key UNIQUE (name);


--
-- Name: auth_group_permissions auth_group_permissions_group_id_permission_id_0cd325b0_uniq; Type: CONSTRAINT; Schema: public; Owner: postgres
--

ALTER TABLE ONLY public.auth_group_permissions
    ADD CONSTRAINT auth_group_permissions_group_id_permission_id_0cd325b0_uniq UNIQUE (group_id, permission_id);


--
-- Name: auth_group_permissions auth_group_permissions_pkey; Type: CONSTRAINT; Schema: public; Owner: postgres
--

ALTER TABLE ONLY public.auth_group_permissions
    ADD CONSTRAINT auth_group_permissions_pkey PRIMARY KEY (id);


--
-- Name: auth_group auth_group_pkey; Type: CONSTRAINT; Schema: public; Owner: postgres
--

ALTER TABLE ONLY public.auth_group
    ADD CONSTRAINT auth_group_pkey PRIMARY KEY (id);


--
-- Name: auth_permission auth_permission_content_type_id_codename_01ab375a_uniq; Type: CONSTRAINT; Schema: public; Owner: postgres
--

ALTER TABLE ONLY public.auth_permission
    ADD CONSTRAINT auth_permission_content_type_id_codename_01ab375a_uniq UNIQUE (content_type_id, codename);


--
-- Name: auth_permission auth_permission_pkey; Type: CONSTRAINT; Schema: public; Owner: postgres
--

ALTER TABLE ONLY public.auth_permission
    ADD CONSTRAINT auth_permission_pkey PRIMARY KEY (id);


--
-- Name: auth_user_groups auth_user_groups_pkey; Type: CONSTRAINT; Schema: public; Owner: postgres
--

ALTER TABLE ONLY public.auth_user_groups
    ADD CONSTRAINT auth_user_groups_pkey PRIMARY KEY (id);


--
-- Name: auth_user_groups auth_user_groups_user_id_group_id_94350c0c_uniq; Type: CONSTRAINT; Schema: public; Owner: postgres
--

ALTER TABLE ONLY public.auth_user_groups
    ADD CONSTRAINT auth_user_groups_user_id_group_id_94350c0c_uniq UNIQUE (user_id, group_id);


--
-- Name: auth_user auth_user_pkey; Type: CONSTRAINT; Schema: public; Owner: postgres
--

ALTER TABLE ONLY public.auth_user
    ADD CONSTRAINT auth_user_pkey PRIMARY KEY (id);


--
-- Name: auth_user_user_permissions auth_user_user_permissions_pkey; Type: CONSTRAINT; Schema: public; Owner: postgres
--

ALTER TABLE ONLY public.auth_user_user_permissions
    ADD CONSTRAINT auth_user_user_permissions_pkey PRIMARY KEY (id);


--
-- Name: auth_user_user_permissions auth_user_user_permissions_user_id_permission_id_14a6b632_uniq; Type: CONSTRAINT; Schema: public; Owner: postgres
--

ALTER TABLE ONLY public.auth_user_user_permissions
    ADD CONSTRAINT auth_user_user_permissions_user_id_permission_id_14a6b632_uniq UNIQUE (user_id, permission_id);


--
-- Name: auth_user auth_user_username_key; Type: CONSTRAINT; Schema: public; Owner: postgres
--

ALTER TABLE ONLY public.auth_user
    ADD CONSTRAINT auth_user_username_key UNIQUE (username);


--
-- Name: authtoken_token authtoken_token_pkey; Type: CONSTRAINT; Schema: public; Owner: postgres
--

ALTER TABLE ONLY public.authtoken_token
    ADD CONSTRAINT authtoken_token_pkey PRIMARY KEY (key);


--
-- Name: authtoken_token authtoken_token_user_id_key; Type: CONSTRAINT; Schema: public; Owner: postgres
--

ALTER TABLE ONLY public.authtoken_token
    ADD CONSTRAINT authtoken_token_user_id_key UNIQUE (user_id);


--
-- Name: book book_pkey; Type: CONSTRAINT; Schema: public; Owner: postgres
--

ALTER TABLE ONLY public.book
    ADD CONSTRAINT book_pkey PRIMARY KEY (isbn);


--
-- Name: borrowing_states borrowing_states_pkey; Type: CONSTRAINT; Schema: public; Owner: postgres
--

ALTER TABLE ONLY public.borrowing_states
    ADD CONSTRAINT borrowing_states_pkey PRIMARY KEY (borrowing_state_id);


--
-- Name: django_admin_log django_admin_log_pkey; Type: CONSTRAINT; Schema: public; Owner: postgres
--

ALTER TABLE ONLY public.django_admin_log
    ADD CONSTRAINT django_admin_log_pkey PRIMARY KEY (id);


--
-- Name: django_content_type django_content_type_app_label_model_76bd3d3b_uniq; Type: CONSTRAINT; Schema: public; Owner: postgres
--

ALTER TABLE ONLY public.django_content_type
    ADD CONSTRAINT django_content_type_app_label_model_76bd3d3b_uniq UNIQUE (app_label, model);


--
-- Name: django_content_type django_content_type_pkey; Type: CONSTRAINT; Schema: public; Owner: postgres
--

ALTER TABLE ONLY public.django_content_type
    ADD CONSTRAINT django_content_type_pkey PRIMARY KEY (id);


--
-- Name: django_migrations django_migrations_pkey; Type: CONSTRAINT; Schema: public; Owner: postgres
--

ALTER TABLE ONLY public.django_migrations
    ADD CONSTRAINT django_migrations_pkey PRIMARY KEY (id);


--
-- Name: django_session django_session_pkey; Type: CONSTRAINT; Schema: public; Owner: postgres
--

ALTER TABLE ONLY public.django_session
    ADD CONSTRAINT django_session_pkey PRIMARY KEY (session_key);


--
-- Name: format format_pkey; Type: CONSTRAINT; Schema: public; Owner: postgres
--

ALTER TABLE ONLY public.format
    ADD CONSTRAINT format_pkey PRIMARY KEY (format_id);


--
-- Name: genres genres_pkey; Type: CONSTRAINT; Schema: public; Owner: postgres
--

ALTER TABLE ONLY public.genres
    ADD CONSTRAINT genres_pkey PRIMARY KEY (genre_id);


--
-- Name: lending_behaviour lending_behaviour_pkey; Type: CONSTRAINT; Schema: public; Owner: postgres
--

ALTER TABLE ONLY public.lending_behaviour
    ADD CONSTRAINT lending_behaviour_pkey PRIMARY KEY (lending_behaviour_id);


--
-- Name: lending_preferences lending_preferences_pkey; Type: CONSTRAINT; Schema: public; Owner: postgres
--

ALTER TABLE ONLY public.lending_preferences
    ADD CONSTRAINT lending_preferences_pkey PRIMARY KEY (lending_preference_id);


--
-- Name: lending_status lending_status_pkey; Type: CONSTRAINT; Schema: public; Owner: postgres
--

ALTER TABLE ONLY public.lending_status
    ADD CONSTRAINT lending_status_pkey PRIMARY KEY (lending_status_id);


--
-- Name: library_catalogue library_catalogue_pkey; Type: CONSTRAINT; Schema: public; Owner: postgres
--

ALTER TABLE ONLY public.library_catalogue
    ADD CONSTRAINT library_catalogue_pkey PRIMARY KEY (library_catalogue_id);


--
-- Name: member_lending_behaviour member_lending_behaviour_pkey; Type: CONSTRAINT; Schema: public; Owner: postgres
--

ALTER TABLE ONLY public.member_lending_behaviour
    ADD CONSTRAINT member_lending_behaviour_pkey PRIMARY KEY (member_lending_behaviour_id);


--
-- Name: member_lending_preferences member_lending_preferences_pkey; Type: CONSTRAINT; Schema: public; Owner: postgres
--

ALTER TABLE ONLY public.member_lending_preferences
    ADD CONSTRAINT member_lending_preferences_pkey PRIMARY KEY (member_lending_preference_id);


--
-- Name: membership membership_pkey; Type: CONSTRAINT; Schema: public; Owner: postgres
--

ALTER TABLE ONLY public.membership
    ADD CONSTRAINT membership_pkey PRIMARY KEY (membership_id);


--
-- Name: membership_status membership_status_pkey; Type: CONSTRAINT; Schema: public; Owner: postgres
--

ALTER TABLE ONLY public.membership_status
    ADD CONSTRAINT membership_status_pkey PRIMARY KEY (membership_status_id);


--
-- Name: newspaper newspaper_pkey; Type: CONSTRAINT; Schema: public; Owner: postgres
--

ALTER TABLE ONLY public.newspaper
    ADD CONSTRAINT newspaper_pkey PRIMARY KEY (newspaper_id);


--
-- Name: resource_type resource_type_pkey; Type: CONSTRAINT; Schema: public; Owner: postgres
--

ALTER TABLE ONLY public.resource_type
    ADD CONSTRAINT resource_type_pkey PRIMARY KEY (resource_type_id);


--
-- Name: roles roles_pkey; Type: CONSTRAINT; Schema: public; Owner: postgres
--

ALTER TABLE ONLY public.roles
    ADD CONSTRAINT roles_pkey PRIMARY KEY (role_id);


--
-- Name: staff_records staff_records_pkey; Type: CONSTRAINT; Schema: public; Owner: postgres
--

ALTER TABLE ONLY public.staff_records
    ADD CONSTRAINT staff_records_pkey PRIMARY KEY (staff_record_id);


--
-- Name: user_catalogue user_catalogue_pkey; Type: CONSTRAINT; Schema: public; Owner: postgres
--

ALTER TABLE ONLY public.user_catalogue
    ADD CONSTRAINT user_catalogue_pkey PRIMARY KEY (user_catalogue_id);


--
-- Name: users users_pkey; Type: CONSTRAINT; Schema: public; Owner: postgres
--

ALTER TABLE ONLY public.users
    ADD CONSTRAINT users_pkey PRIMARY KEY (id);


--
-- Name: users users_user_id_key; Type: CONSTRAINT; Schema: public; Owner: postgres
--

ALTER TABLE ONLY public.users
    ADD CONSTRAINT users_user_id_key UNIQUE (user_id);


--
-- Name: article_library_catalogue_id_4adcadd4; Type: INDEX; Schema: public; Owner: postgres
--

CREATE INDEX article_library_catalogue_id_4adcadd4 ON public.article USING btree (library_catalogue_id);


--
-- Name: auth_group_name_a6ea08ec_like; Type: INDEX; Schema: public; Owner: postgres
--

CREATE INDEX auth_group_name_a6ea08ec_like ON public.auth_group USING btree (name varchar_pattern_ops);


--
-- Name: auth_group_permissions_group_id_b120cbf9; Type: INDEX; Schema: public; Owner: postgres
--

CREATE INDEX auth_group_permissions_group_id_b120cbf9 ON public.auth_group_permissions USING btree (group_id);


--
-- Name: auth_group_permissions_permission_id_84c5c92e; Type: INDEX; Schema: public; Owner: postgres
--

CREATE INDEX auth_group_permissions_permission_id_84c5c92e ON public.auth_group_permissions USING btree (permission_id);


--
-- Name: auth_permission_content_type_id_2f476e4b; Type: INDEX; Schema: public; Owner: postgres
--

CREATE INDEX auth_permission_content_type_id_2f476e4b ON public.auth_permission USING btree (content_type_id);


--
-- Name: auth_user_groups_group_id_97559544; Type: INDEX; Schema: public; Owner: postgres
--

CREATE INDEX auth_user_groups_group_id_97559544 ON public.auth_user_groups USING btree (group_id);


--
-- Name: auth_user_groups_user_id_6a12ed8b; Type: INDEX; Schema: public; Owner: postgres
--

CREATE INDEX auth_user_groups_user_id_6a12ed8b ON public.auth_user_groups USING btree (user_id);


--
-- Name: auth_user_user_permissions_permission_id_1fbb5f2c; Type: INDEX; Schema: public; Owner: postgres
--

CREATE INDEX auth_user_user_permissions_permission_id_1fbb5f2c ON public.auth_user_user_permissions USING btree (permission_id);


--
-- Name: auth_user_user_permissions_user_id_a95ead1b; Type: INDEX; Schema: public; Owner: postgres
--

CREATE INDEX auth_user_user_permissions_user_id_a95ead1b ON public.auth_user_user_permissions USING btree (user_id);


--
-- Name: auth_user_username_6821ab7c_like; Type: INDEX; Schema: public; Owner: postgres
--

CREATE INDEX auth_user_username_6821ab7c_like ON public.auth_user USING btree (username varchar_pattern_ops);


--
-- Name: authtoken_token_key_10f0b77e_like; Type: INDEX; Schema: public; Owner: postgres
--

CREATE INDEX authtoken_token_key_10f0b77e_like ON public.authtoken_token USING btree (key varchar_pattern_ops);


--
-- Name: book_isbn_5c391656_like; Type: INDEX; Schema: public; Owner: postgres
--

CREATE INDEX book_isbn_5c391656_like ON public.book USING btree (isbn varchar_pattern_ops);


--
-- Name: book_library_catalogue_id_aff3865f; Type: INDEX; Schema: public; Owner: postgres
--

CREATE INDEX book_library_catalogue_id_aff3865f ON public.book USING btree (library_catalogue_id);


--
-- Name: django_admin_log_content_type_id_c4bce8eb; Type: INDEX; Schema: public; Owner: postgres
--

CREATE INDEX django_admin_log_content_type_id_c4bce8eb ON public.django_admin_log USING btree (content_type_id);


--
-- Name: django_admin_log_user_id_c564eba6; Type: INDEX; Schema: public; Owner: postgres
--

CREATE INDEX django_admin_log_user_id_c564eba6 ON public.django_admin_log USING btree (user_id);


--
-- Name: django_session_expire_date_a5c62663; Type: INDEX; Schema: public; Owner: postgres
--

CREATE INDEX django_session_expire_date_a5c62663 ON public.django_session USING btree (expire_date);


--
-- Name: django_session_session_key_c0390e0f_like; Type: INDEX; Schema: public; Owner: postgres
--

CREATE INDEX django_session_session_key_c0390e0f_like ON public.django_session USING btree (session_key varchar_pattern_ops);


--
-- Name: library_catalogue_format_id_8bbcd3a4; Type: INDEX; Schema: public; Owner: postgres
--

CREATE INDEX library_catalogue_format_id_8bbcd3a4 ON public.library_catalogue USING btree (format_id);


--
-- Name: library_catalogue_genre_id_4e97096f; Type: INDEX; Schema: public; Owner: postgres
--

CREATE INDEX library_catalogue_genre_id_4e97096f ON public.library_catalogue USING btree (genre_id);


--
-- Name: library_catalogue_resource_type_id_8c97d462; Type: INDEX; Schema: public; Owner: postgres
--

CREATE INDEX library_catalogue_resource_type_id_8c97d462 ON public.library_catalogue USING btree (resource_type_id);


--
-- Name: member_lending_behaviour_lending_behaviour_id_1695b8c4; Type: INDEX; Schema: public; Owner: postgres
--

CREATE INDEX member_lending_behaviour_lending_behaviour_id_1695b8c4 ON public.member_lending_behaviour USING btree (lending_behaviour_id);


--
-- Name: member_lending_behaviour_member_id_e1ead7e0; Type: INDEX; Schema: public; Owner: postgres
--

CREATE INDEX member_lending_behaviour_member_id_e1ead7e0 ON public.member_lending_behaviour USING btree (member_id);


--
-- Name: member_lending_preferences_lending_preference_id_6d91e21d; Type: INDEX; Schema: public; Owner: postgres
--

CREATE INDEX member_lending_preferences_lending_preference_id_6d91e21d ON public.member_lending_preferences USING btree (lending_preference_id);


--
-- Name: member_lending_preferences_member_id_f5cd8550; Type: INDEX; Schema: public; Owner: postgres
--

CREATE INDEX member_lending_preferences_member_id_f5cd8550 ON public.member_lending_preferences USING btree (member_id);


--
-- Name: membership_membership_status_id_413dae2c; Type: INDEX; Schema: public; Owner: postgres
--

CREATE INDEX membership_membership_status_id_413dae2c ON public.membership USING btree (membership_status_id);


--
-- Name: membership_user_id_3409a104; Type: INDEX; Schema: public; Owner: postgres
--

CREATE INDEX membership_user_id_3409a104 ON public.membership USING btree (user_id);


--
-- Name: newspaper_library_catalogue_id_db72060f; Type: INDEX; Schema: public; Owner: postgres
--

CREATE INDEX newspaper_library_catalogue_id_db72060f ON public.newspaper USING btree (library_catalogue_id);


--
-- Name: staff_records_user_id_d5c3eb34; Type: INDEX; Schema: public; Owner: postgres
--

CREATE INDEX staff_records_user_id_d5c3eb34 ON public.staff_records USING btree (user_id);


--
-- Name: user_catalogue_borrow_state_id_f56371e3; Type: INDEX; Schema: public; Owner: postgres
--

CREATE INDEX user_catalogue_borrow_state_id_f56371e3 ON public.user_catalogue USING btree (borrow_state_id);


--
-- Name: user_catalogue_lending_status_id_ee1b5f92; Type: INDEX; Schema: public; Owner: postgres
--

CREATE INDEX user_catalogue_lending_status_id_ee1b5f92 ON public.user_catalogue USING btree (lending_status_id);


--
-- Name: user_catalogue_library_catalogue_id_94aee742; Type: INDEX; Schema: public; Owner: postgres
--

CREATE INDEX user_catalogue_library_catalogue_id_94aee742 ON public.user_catalogue USING btree (library_catalogue_id);


--
-- Name: user_catalogue_return_state_id_f5203f39; Type: INDEX; Schema: public; Owner: postgres
--

CREATE INDEX user_catalogue_return_state_id_f5203f39 ON public.user_catalogue USING btree (return_state_id);


--
-- Name: user_catalogue_user_id_3f9ab4c2; Type: INDEX; Schema: public; Owner: postgres
--

CREATE INDEX user_catalogue_user_id_3f9ab4c2 ON public.user_catalogue USING btree (user_id);


--
-- Name: users_role_id_1900a745; Type: INDEX; Schema: public; Owner: postgres
--

CREATE INDEX users_role_id_1900a745 ON public.users USING btree (role_id);


--
-- Name: article article_library_catalogue_id_4adcadd4_fk_library_c; Type: FK CONSTRAINT; Schema: public; Owner: postgres
--

ALTER TABLE ONLY public.article
    ADD CONSTRAINT article_library_catalogue_id_4adcadd4_fk_library_c FOREIGN KEY (library_catalogue_id) REFERENCES public.library_catalogue(library_catalogue_id) DEFERRABLE INITIALLY DEFERRED;


--
-- Name: auth_group_permissions auth_group_permissio_permission_id_84c5c92e_fk_auth_perm; Type: FK CONSTRAINT; Schema: public; Owner: postgres
--

ALTER TABLE ONLY public.auth_group_permissions
    ADD CONSTRAINT auth_group_permissio_permission_id_84c5c92e_fk_auth_perm FOREIGN KEY (permission_id) REFERENCES public.auth_permission(id) DEFERRABLE INITIALLY DEFERRED;


--
-- Name: auth_group_permissions auth_group_permissions_group_id_b120cbf9_fk_auth_group_id; Type: FK CONSTRAINT; Schema: public; Owner: postgres
--

ALTER TABLE ONLY public.auth_group_permissions
    ADD CONSTRAINT auth_group_permissions_group_id_b120cbf9_fk_auth_group_id FOREIGN KEY (group_id) REFERENCES public.auth_group(id) DEFERRABLE INITIALLY DEFERRED;


--
-- Name: auth_permission auth_permission_content_type_id_2f476e4b_fk_django_co; Type: FK CONSTRAINT; Schema: public; Owner: postgres
--

ALTER TABLE ONLY public.auth_permission
    ADD CONSTRAINT auth_permission_content_type_id_2f476e4b_fk_django_co FOREIGN KEY (content_type_id) REFERENCES public.django_content_type(id) DEFERRABLE INITIALLY DEFERRED;


--
-- Name: auth_user_groups auth_user_groups_group_id_97559544_fk_auth_group_id; Type: FK CONSTRAINT; Schema: public; Owner: postgres
--

ALTER TABLE ONLY public.auth_user_groups
    ADD CONSTRAINT auth_user_groups_group_id_97559544_fk_auth_group_id FOREIGN KEY (group_id) REFERENCES public.auth_group(id) DEFERRABLE INITIALLY DEFERRED;


--
-- Name: auth_user_groups auth_user_groups_user_id_6a12ed8b_fk_auth_user_id; Type: FK CONSTRAINT; Schema: public; Owner: postgres
--

ALTER TABLE ONLY public.auth_user_groups
    ADD CONSTRAINT auth_user_groups_user_id_6a12ed8b_fk_auth_user_id FOREIGN KEY (user_id) REFERENCES public.auth_user(id) DEFERRABLE INITIALLY DEFERRED;


--
-- Name: auth_user_user_permissions auth_user_user_permi_permission_id_1fbb5f2c_fk_auth_perm; Type: FK CONSTRAINT; Schema: public; Owner: postgres
--

ALTER TABLE ONLY public.auth_user_user_permissions
    ADD CONSTRAINT auth_user_user_permi_permission_id_1fbb5f2c_fk_auth_perm FOREIGN KEY (permission_id) REFERENCES public.auth_permission(id) DEFERRABLE INITIALLY DEFERRED;


--
-- Name: auth_user_user_permissions auth_user_user_permissions_user_id_a95ead1b_fk_auth_user_id; Type: FK CONSTRAINT; Schema: public; Owner: postgres
--

ALTER TABLE ONLY public.auth_user_user_permissions
    ADD CONSTRAINT auth_user_user_permissions_user_id_a95ead1b_fk_auth_user_id FOREIGN KEY (user_id) REFERENCES public.auth_user(id) DEFERRABLE INITIALLY DEFERRED;


--
-- Name: authtoken_token authtoken_token_user_id_35299eff_fk_auth_user_id; Type: FK CONSTRAINT; Schema: public; Owner: postgres
--

ALTER TABLE ONLY public.authtoken_token
    ADD CONSTRAINT authtoken_token_user_id_35299eff_fk_auth_user_id FOREIGN KEY (user_id) REFERENCES public.auth_user(id) DEFERRABLE INITIALLY DEFERRED;


--
-- Name: book book_library_catalogue_id_aff3865f_fk_library_c; Type: FK CONSTRAINT; Schema: public; Owner: postgres
--

ALTER TABLE ONLY public.book
    ADD CONSTRAINT book_library_catalogue_id_aff3865f_fk_library_c FOREIGN KEY (library_catalogue_id) REFERENCES public.library_catalogue(library_catalogue_id) DEFERRABLE INITIALLY DEFERRED;


--
-- Name: django_admin_log django_admin_log_content_type_id_c4bce8eb_fk_django_co; Type: FK CONSTRAINT; Schema: public; Owner: postgres
--

ALTER TABLE ONLY public.django_admin_log
    ADD CONSTRAINT django_admin_log_content_type_id_c4bce8eb_fk_django_co FOREIGN KEY (content_type_id) REFERENCES public.django_content_type(id) DEFERRABLE INITIALLY DEFERRED;


--
-- Name: django_admin_log django_admin_log_user_id_c564eba6_fk_auth_user_id; Type: FK CONSTRAINT; Schema: public; Owner: postgres
--

ALTER TABLE ONLY public.django_admin_log
    ADD CONSTRAINT django_admin_log_user_id_c564eba6_fk_auth_user_id FOREIGN KEY (user_id) REFERENCES public.auth_user(id) DEFERRABLE INITIALLY DEFERRED;


--
-- Name: library_catalogue library_catalogue_format_id_8bbcd3a4_fk_format_format_id; Type: FK CONSTRAINT; Schema: public; Owner: postgres
--

ALTER TABLE ONLY public.library_catalogue
    ADD CONSTRAINT library_catalogue_format_id_8bbcd3a4_fk_format_format_id FOREIGN KEY (format_id) REFERENCES public.format(format_id) DEFERRABLE INITIALLY DEFERRED;


--
-- Name: library_catalogue library_catalogue_genre_id_4e97096f_fk_genres_genre_id; Type: FK CONSTRAINT; Schema: public; Owner: postgres
--

ALTER TABLE ONLY public.library_catalogue
    ADD CONSTRAINT library_catalogue_genre_id_4e97096f_fk_genres_genre_id FOREIGN KEY (genre_id) REFERENCES public.genres(genre_id) DEFERRABLE INITIALLY DEFERRED;


--
-- Name: library_catalogue library_catalogue_resource_type_id_8c97d462_fk_resource_; Type: FK CONSTRAINT; Schema: public; Owner: postgres
--

ALTER TABLE ONLY public.library_catalogue
    ADD CONSTRAINT library_catalogue_resource_type_id_8c97d462_fk_resource_ FOREIGN KEY (resource_type_id) REFERENCES public.resource_type(resource_type_id) DEFERRABLE INITIALLY DEFERRED;


--
-- Name: member_lending_behaviour member_lending_behav_lending_behaviour_id_1695b8c4_fk_lending_b; Type: FK CONSTRAINT; Schema: public; Owner: postgres
--

ALTER TABLE ONLY public.member_lending_behaviour
    ADD CONSTRAINT member_lending_behav_lending_behaviour_id_1695b8c4_fk_lending_b FOREIGN KEY (lending_behaviour_id) REFERENCES public.lending_behaviour(lending_behaviour_id) DEFERRABLE INITIALLY DEFERRED;


--
-- Name: member_lending_behaviour member_lending_behav_member_id_e1ead7e0_fk_membershi; Type: FK CONSTRAINT; Schema: public; Owner: postgres
--

ALTER TABLE ONLY public.member_lending_behaviour
    ADD CONSTRAINT member_lending_behav_member_id_e1ead7e0_fk_membershi FOREIGN KEY (member_id) REFERENCES public.membership(membership_id) DEFERRABLE INITIALLY DEFERRED;


--
-- Name: member_lending_preferences member_lending_prefe_lending_preference_i_6d91e21d_fk_lending_p; Type: FK CONSTRAINT; Schema: public; Owner: postgres
--

ALTER TABLE ONLY public.member_lending_preferences
    ADD CONSTRAINT member_lending_prefe_lending_preference_i_6d91e21d_fk_lending_p FOREIGN KEY (lending_preference_id) REFERENCES public.lending_preferences(lending_preference_id) DEFERRABLE INITIALLY DEFERRED;


--
-- Name: member_lending_preferences member_lending_prefe_member_id_f5cd8550_fk_membershi; Type: FK CONSTRAINT; Schema: public; Owner: postgres
--

ALTER TABLE ONLY public.member_lending_preferences
    ADD CONSTRAINT member_lending_prefe_member_id_f5cd8550_fk_membershi FOREIGN KEY (member_id) REFERENCES public.membership(membership_id) DEFERRABLE INITIALLY DEFERRED;


--
-- Name: membership membership_membership_status_id_413dae2c_fk_membershi; Type: FK CONSTRAINT; Schema: public; Owner: postgres
--

ALTER TABLE ONLY public.membership
    ADD CONSTRAINT membership_membership_status_id_413dae2c_fk_membershi FOREIGN KEY (membership_status_id) REFERENCES public.membership_status(membership_status_id) DEFERRABLE INITIALLY DEFERRED;


--
-- Name: membership membership_user_id_3409a104_fk_users_id; Type: FK CONSTRAINT; Schema: public; Owner: postgres
--

ALTER TABLE ONLY public.membership
    ADD CONSTRAINT membership_user_id_3409a104_fk_users_id FOREIGN KEY (user_id) REFERENCES public.users(id) DEFERRABLE INITIALLY DEFERRED;


--
-- Name: newspaper newspaper_library_catalogue_id_db72060f_fk_library_c; Type: FK CONSTRAINT; Schema: public; Owner: postgres
--

ALTER TABLE ONLY public.newspaper
    ADD CONSTRAINT newspaper_library_catalogue_id_db72060f_fk_library_c FOREIGN KEY (library_catalogue_id) REFERENCES public.library_catalogue(library_catalogue_id) DEFERRABLE INITIALLY DEFERRED;


--
-- Name: staff_records staff_records_user_id_d5c3eb34_fk_users_id; Type: FK CONSTRAINT; Schema: public; Owner: postgres
--

ALTER TABLE ONLY public.staff_records
    ADD CONSTRAINT staff_records_user_id_d5c3eb34_fk_users_id FOREIGN KEY (user_id) REFERENCES public.users(id) DEFERRABLE INITIALLY DEFERRED;


--
-- Name: user_catalogue user_catalogue_borrow_state_id_f56371e3_fk_borrowing; Type: FK CONSTRAINT; Schema: public; Owner: postgres
--

ALTER TABLE ONLY public.user_catalogue
    ADD CONSTRAINT user_catalogue_borrow_state_id_f56371e3_fk_borrowing FOREIGN KEY (borrow_state_id) REFERENCES public.borrowing_states(borrowing_state_id) DEFERRABLE INITIALLY DEFERRED;


--
-- Name: user_catalogue user_catalogue_lending_status_id_ee1b5f92_fk_lending_s; Type: FK CONSTRAINT; Schema: public; Owner: postgres
--

ALTER TABLE ONLY public.user_catalogue
    ADD CONSTRAINT user_catalogue_lending_status_id_ee1b5f92_fk_lending_s FOREIGN KEY (lending_status_id) REFERENCES public.lending_status(lending_status_id) DEFERRABLE INITIALLY DEFERRED;


--
-- Name: user_catalogue user_catalogue_library_catalogue_id_94aee742_fk_library_c; Type: FK CONSTRAINT; Schema: public; Owner: postgres
--

ALTER TABLE ONLY public.user_catalogue
    ADD CONSTRAINT user_catalogue_library_catalogue_id_94aee742_fk_library_c FOREIGN KEY (library_catalogue_id) REFERENCES public.library_catalogue(library_catalogue_id) DEFERRABLE INITIALLY DEFERRED;


--
-- Name: user_catalogue user_catalogue_return_state_id_f5203f39_fk_borrowing; Type: FK CONSTRAINT; Schema: public; Owner: postgres
--

ALTER TABLE ONLY public.user_catalogue
    ADD CONSTRAINT user_catalogue_return_state_id_f5203f39_fk_borrowing FOREIGN KEY (return_state_id) REFERENCES public.borrowing_states(borrowing_state_id) DEFERRABLE INITIALLY DEFERRED;


--
-- Name: user_catalogue user_catalogue_user_id_3f9ab4c2_fk_users_id; Type: FK CONSTRAINT; Schema: public; Owner: postgres
--

ALTER TABLE ONLY public.user_catalogue
    ADD CONSTRAINT user_catalogue_user_id_3f9ab4c2_fk_users_id FOREIGN KEY (user_id) REFERENCES public.users(id) DEFERRABLE INITIALLY DEFERRED;


--
-- Name: users users_role_id_1900a745_fk_roles_role_id; Type: FK CONSTRAINT; Schema: public; Owner: postgres
--

ALTER TABLE ONLY public.users
    ADD CONSTRAINT users_role_id_1900a745_fk_roles_role_id FOREIGN KEY (role_id) REFERENCES public.roles(role_id) DEFERRABLE INITIALLY DEFERRED;


--
-- Name: users users_user_id_26693996_fk_auth_user_id; Type: FK CONSTRAINT; Schema: public; Owner: postgres
--

ALTER TABLE ONLY public.users
    ADD CONSTRAINT users_user_id_26693996_fk_auth_user_id FOREIGN KEY (user_id) REFERENCES public.auth_user(id) DEFERRABLE INITIALLY DEFERRED;


--
-- PostgreSQL database dump complete
--

